epoch,time,train/box_loss,train/cls_loss,train/dfl_loss,metrics/precision(B),metrics/recall(B),metrics/mAP50(B),metrics/mAP50-95(B),val/box_loss,val/cls_loss,val/dfl_loss,lr/pg0,lr/pg1,lr/pg2
1,36.0017,2.98146,3.56865,2.35868,0.00515,0.33333,0.00362,0.00101,3.04248,3.89249,2.49301,8e-05,8e-05,8e-05
2,67.6238,2.80579,3.4624,2.18836,0.00727,0.47059,0.00714,0.00239,2.82332,3.71946,2.12794,0.000179109,0.000179109,0.000179109
3,100.007,2.70534,3.3433,2.05864,0.00697,0.45098,0.01996,0.00663,2.85731,3.70817,2.21562,0.000277228,0.000277228,0.000277228
4,132.033,2.67219,3.26052,1.98241,0.01061,0.68627,0.0449,0.01499,2.78064,3.73629,2.11604,0.000374357,0.000374357,0.000374357
5,164.645,2.62504,3.09214,2.00901,0.01091,0.70588,0.02883,0.00747,2.72381,3.67803,2.14952,0.000470496,0.000470496,0.000470496
6,196.81,2.52288,2.93056,2.01221,0.01,0.64706,0.02759,0.00875,2.7153,3.66403,2.1894,0.000565645,0.000565645,0.000565645
